date,region,sales
2022-01-01,North,133.26
2022-01-02,North,142.38
2022-01-03,North,136.82
2022-01-04,North,131.84
2022-01-05,North,118.51
2022-01-06,North,120.76
2022-01-07,North,128.39
2022-01-08,North,134.49
2022-01-09,North,128.02
2022-01-10,North,140.46
2022-01-11,North,131.15
2022-01-12,North,114.08
2022-01-13,North,121.54
2022-01-14,North,127.82
2022-01-15,North,135.88
2022-01-16,North,130.67
2022-01-17,North,132.85
2022-01-18,North,130.35
2022-01-19,North,134.79
2022-01-20,North,125.93
2022-01-21,North,132.43
2022-01-22,North,137.11
2022-01-23,North,138.65
2022-01-24,North,141.02
2022-01-25,North,129.1
2022-01-26,North,119.1
2022-01-27,North,119.14
2022-01-28,North,131.3
2022-01-29,North,137.3
2022-01-30,North,141.92
2022-01-31,North,135.43
2022-02-01,North,129.88
2022-02-02,North,116.24
2022-02-03,North,130.0
2022-02-04,North,146.29
2022-02-05,North,146.23
2022-02-06,North,143.32
2022-02-07,North,141.27
2022-02-08,North,123.18
2022-02-09,North,114.94
2022-02-10,North,128.7
2022-02-11,North,130.0
2022-02-12,North,133.81
2022-02-13,North,138.12
2022-02-14,North,131.5
2022-02-15,North,129.19
2022-02-16,North,126.05
2022-02-17,North,129.55
2022-02-18,North,137.45
2022-02-19,North,144.61
2022-02-20,North,141.77
2022-02-21,North,134.32
2022-02-22,North,121.26
2022-02-23,North,128.93
2022-02-24,North,124.52
2022-02-25,North,131.21
2022-02-26,North,147.02
2022-02-27,North,138.6
2022-02-28,North,141.9
2022-03-01,North,130.57
2022-03-02,North,118.53
2022-03-03,North,125.31
2022-03-04,North,138.42
2022-03-05,North,145.39
2022-03-06,North,150.86
2022-03-07,North,139.7
2022-03-08,North,146.24
2022-03-09,North,119.41
2022-03-10,North,123.99
2022-03-11,North,133.54
2022-03-12,North,134.61
2022-03-13,North,148.88
2022-03-14,North,142.82
2022-03-15,North,129.76
2022-03-16,North,121.62
2022-03-17,North,118.79
2022-03-18,North,130.18
2022-03-19,North,145.71
2022-03-20,North,142.9
2022-03-21,North,136.46
2022-03-22,North,132.46
2022-03-23,North,130.37
2022-03-24,North,127.84
2022-03-25,North,135.99
2022-03-26,North,149.13
2022-03-27,North,145.12
2022-03-28,North,137.33
2022-03-29,North,133.61
2022-03-30,North,123.59
2022-03-31,North,125.01
2022-04-01,North,141.07
2022-04-02,North,141.1
2022-04-03,North,131.26
2022-04-04,North,140.89
2022-04-05,North,128.55
2022-04-06,North,123.71
2022-04-07,North,129.4
2022-04-08,North,134.16
2022-04-09,North,143.93
2022-04-10,North,134.71
2022-04-11,North,134.74
2022-04-12,North,137.84
2022-04-13,North,125.36
2022-04-14,North,119.05
2022-04-15,North,129.92
2022-04-16,North,138.18
2022-04-17,North,145.62
2022-04-18,North,137.58
2022-04-19,North,127.81
2022-04-20,North,125.76
2022-04-21,North,130.1
2022-04-22,North,134.27
2022-04-23,North,140.55
2022-04-24,North,143.29
2022-04-25,North,141.73
2022-04-26,North,131.36
2022-04-27,North,129.86
2022-04-28,North,122.25
2022-04-29,North,131.98
2022-04-30,North,147.58
2022-05-01,North,141.68
2022-05-02,North,147.24
2022-05-03,North,138.71
2022-05-04,North,133.27
2022-05-05,North,123.88
2022-05-06,North,136.53
2022-05-07,North,141.54
2022-05-08,North,150.59
2022-05-09,North,149.14
2022-05-10,North,136.34
2022-05-11,North,126.65
2022-05-12,North,126.74
2022-05-13,North,139.68
2022-05-14,North,138.18
2022-05-15,North,148.95
2022-05-16,North,136.32
2022-05-17,North,135.36
2022-05-18,North,126.08
2022-05-19,North,126.92
2022-05-20,North,132.29
2022-05-21,North,142.8
2022-05-22,North,149.33
2022-05-23,North,146.4
2022-05-24,North,135.18
2022-05-25,North,134.0
2022-05-26,North,141.84
2022-05-27,North,135.39
2022-05-28,North,143.84
2022-05-29,North,139.64
2022-05-30,North,147.42
2022-05-31,North,139.33
2022-06-01,North,123.13
2022-06-02,North,132.53
2022-06-03,North,143.38
2022-06-04,North,146.29
2022-06-05,North,151.36
2022-06-06,North,142.63
2022-06-07,North,127.04
2022-06-08,North,133.0
2022-06-09,North,136.35
2022-06-10,North,141.26
2022-06-11,North,140.67
2022-06-12,North,143.66
2022-06-13,North,136.39
2022-06-14,North,137.26
2022-06-15,North,134.38
2022-06-16,North,132.14
2022-06-17,North,142.58
2022-06-18,North,141.39
2022-06-19,North,148.43
2022-06-20,North,135.49
2022-06-21,North,129.84
2022-06-22,North,132.72
2022-06-23,North,129.1
2022-06-24,North,144.21
2022-06-25,North,148.71
2022-06-26,North,161.66
2022-06-27,North,143.09
2022-06-28,North,126.95
2022-06-29,North,128.44
2022-06-30,North,125.77
2022-07-01,North,143.33
2022-07-02,North,146.52
2022-07-03,North,147.59
2022-07-04,North,142.29
2022-07-05,North,137.98
2022-07-06,North,126.64
2022-07-07,North,134.76
2022-07-08,North,143.96
2022-07-09,North,144.89
2022-07-10,North,143.94
2022-07-11,North,140.63
2022-07-12,North,138.11
2022-07-13,North,129.66
2022-07-14,North,134.32
2022-07-15,North,147.84
2022-07-16,North,148.04
2022-07-17,North,144.81
2022-07-18,North,148.77
2022-07-19,North,135.11
2022-07-20,North,133.84
2022-07-21,North,136.78
2022-07-22,North,134.52
2022-07-23,North,154.08
2022-07-24,North,153.67
2022-07-25,North,140.76
2022-07-26,North,136.66
2022-07-27,North,131.06
2022-07-28,North,131.86
2022-07-29,North,143.96
2022-07-30,North,154.65
2022-07-31,North,149.47
2022-08-01,North,150.72
2022-08-02,North,140.37
2022-08-03,North,131.22
2022-08-04,North,132.91
2022-08-05,North,134.13
2022-08-06,North,140.24
2022-08-07,North,150.55
2022-08-08,North,140.07
2022-08-09,North,135.52
2022-08-10,North,127.67
2022-08-11,North,123.38
2022-08-12,North,141.96
2022-08-13,North,145.96
2022-08-14,North,150.41
2022-08-15,North,140.17
2022-08-16,North,134.33
2022-08-17,North,138.44
2022-08-18,North,133.25
2022-08-19,North,143.21
2022-08-20,North,141.97
2022-08-21,North,162.24
2022-08-22,North,154.14
2022-08-23,North,143.11
2022-08-24,North,135.07
2022-08-25,North,132.97
2022-08-26,North,142.96
2022-08-27,North,153.85
2022-08-28,North,147.44
2022-08-29,North,142.99
2022-08-30,North,128.23
2022-08-31,North,127.35
2022-09-01,North,141.49
2022-09-02,North,139.37
2022-09-03,North,147.31
2022-09-04,North,152.46
2022-09-05,North,137.44
2022-09-06,North,141.59
2022-09-07,North,137.83
2022-09-08,North,135.36
2022-09-09,North,149.59
2022-09-10,North,142.55
2022-09-11,North,160.38
2022-09-12,North,142.14
2022-09-13,North,130.76
2022-09-14,North,130.6
2022-09-15,North,143.12
2022-09-16,North,141.52
2022-09-17,North,144.81
2022-09-18,North,144.97
2022-09-19,North,145.55
2022-09-20,North,127.47
2022-09-21,North,125.57
2022-09-22,North,141.76
2022-09-23,North,148.52
2022-09-24,North,149.12
2022-09-25,North,149.41
2022-09-26,North,146.66
2022-09-27,North,149.47
2022-09-28,North,134.39
2022-09-29,North,138.88
2022-09-30,North,141.18
2022-10-01,North,150.36
2022-10-02,North,155.26
2022-10-03,North,147.29
2022-10-04,North,128.53
2022-10-05,North,139.05
2022-10-06,North,131.55
2022-10-07,North,153.04
2022-10-08,North,153.78
2022-10-09,North,152.67
2022-10-10,North,149.14
2022-10-11,North,137.76
2022-10-12,North,130.51
2022-10-13,North,135.95
2022-10-14,North,147.19
2022-10-15,North,148.31
2022-10-16,North,149.49
2022-10-17,North,145.45
2022-10-18,North,143.36
2022-10-19,North,140.49
2022-10-20,North,137.01
2022-10-21,North,145.96
2022-10-22,North,147.77
2022-10-23,North,157.27
2022-10-24,North,150.28
2022-10-25,North,135.33
2022-10-26,North,124.58
2022-10-27,North,129.38
2022-10-28,North,140.0
2022-10-29,North,157.01
2022-10-30,North,160.94
2022-10-31,North,145.61
2022-11-01,North,137.13
2022-11-02,North,135.11
2022-11-03,North,135.84
2022-11-04,North,148.29
2022-11-05,North,148.88
2022-11-06,North,158.21
2022-11-07,North,146.9
2022-11-08,North,143.73
2022-11-09,North,132.74
2022-11-10,North,133.0
2022-11-11,North,153.48
2022-11-12,North,157.11
2022-11-13,North,144.79
2022-11-14,North,146.15
2022-11-15,North,145.77
2022-11-16,North,128.39
2022-11-17,North,140.2
2022-11-18,North,147.55
2022-11-19,North,148.57
2022-11-20,North,154.0
2022-11-21,North,138.22
2022-11-22,North,148.89
2022-11-23,North,133.12
2022-11-24,North,140.66
2022-11-25,North,147.57
2022-11-26,North,159.15
2022-11-27,North,152.16
2022-11-28,North,149.98
2022-11-29,North,143.12
2022-11-30,North,139.32
2022-12-01,North,142.7
2022-12-02,North,142.4
2022-12-03,North,149.32
2022-12-04,North,161.42
2022-12-05,North,139.06
2022-12-06,North,148.46
2022-12-07,North,133.73
2022-12-08,North,137.19
2022-12-09,North,141.66
2022-12-10,North,152.69
2022-12-11,North,161.26
2022-12-12,North,153.39
2022-12-13,North,143.36
2022-12-14,North,135.97
2022-12-15,North,130.27
2022-12-16,North,141.14
2022-12-17,North,151.51
2022-12-18,North,157.48
2022-12-19,North,150.17
2022-12-20,North,146.11
2022-12-21,North,138.19
2022-12-22,North,138.06
2022-12-23,North,157.03
2022-12-24,North,155.54
2022-12-25,North,153.32
2022-12-26,North,159.41
2022-12-27,North,147.48
2022-12-28,North,145.19
2022-12-29,North,137.52
2022-12-30,North,150.82
2022-12-31,North,146.53
2023-01-01,North,157.76
2023-01-02,North,155.02
2023-01-03,North,143.67
2023-01-04,North,146.97
2023-01-05,North,127.39
2023-01-06,North,128.84
2023-01-07,North,148.08
2023-01-08,North,156.98
2023-01-09,North,160.95
2023-01-10,North,154.44
2023-01-11,North,149.48
2023-01-12,North,140.23
2023-01-13,North,138.03
2023-01-14,North,146.19
2023-01-15,North,153.0
2023-01-16,North,157.86
2023-01-17,North,145.53
2023-01-18,North,144.09
2023-01-19,North,136.58
2023-01-20,North,140.36
2023-01-21,North,148.24
2023-01-22,North,142.44
2023-01-23,North,152.17
2023-01-24,North,150.76
2023-01-25,North,142.39
2023-01-26,North,138.6
2023-01-27,North,140.78
2023-01-28,North,154.71
2023-01-29,North,156.55
2023-01-30,North,155.4
2023-01-31,North,143.6
2023-02-01,North,136.11
2023-02-02,North,140.27
2023-02-03,North,144.86
2023-02-04,North,155.13
2023-02-05,North,151.14
2023-02-06,North,155.73
2023-02-07,North,153.09
2023-02-08,North,153.48
2023-02-09,North,138.45
2023-02-10,North,147.6
2023-02-11,North,148.56
2023-02-12,North,161.33
2023-02-13,North,162.67
2023-02-14,North,153.0
2023-02-15,North,138.43
2023-02-16,North,136.82
2023-02-17,North,147.58
2023-02-18,North,152.39
2023-02-19,North,153.69
2023-02-20,North,156.12
2023-02-21,North,143.8
2023-02-22,North,151.04
2023-02-23,North,142.88
2023-02-24,North,139.74
2023-02-25,North,149.28
2023-02-26,North,145.29
2023-02-27,North,155.68
2023-02-28,North,159.42
2023-03-01,North,149.02
2023-03-02,North,140.39
2023-03-03,North,140.64
2023-03-04,North,152.55
2023-03-05,North,155.02
2023-03-06,North,150.08
2023-03-07,North,153.0
2023-03-08,North,146.41
2023-03-09,North,144.64
2023-03-10,North,133.79
2023-03-11,North,148.25
2023-03-12,North,156.34
2023-03-13,North,153.19
2023-03-14,North,155.76
2023-03-15,North,148.42
2023-03-16,North,137.86
2023-03-17,North,151.56
2023-03-18,North,147.55
2023-03-19,North,154.77
2023-03-20,North,156.6
2023-03-21,North,149.53
2023-03-22,North,142.18
2023-03-23,North,132.43
2023-03-24,North,140.62
2023-03-25,North,149.72
2023-03-26,North,145.88
2023-03-27,North,158.76
2023-03-28,North,154.11
2023-03-29,North,147.83
2023-03-30,North,145.92
2023-03-31,North,146.12
2023-04-01,North,146.62
2023-04-02,North,153.9
2023-04-03,North,162.45
2023-04-04,North,151.45
2023-04-05,North,139.41
2023-04-06,North,152.05
2023-04-07,North,140.6
2023-04-08,North,146.88
2023-04-09,North,146.91
2023-04-10,North,164.1
2023-04-11,North,149.53
2023-04-12,North,145.98
2023-04-13,North,145.31
2023-04-14,North,137.58
2023-04-15,North,150.7
2023-04-16,North,165.78
2023-04-17,North,147.85
2023-04-18,North,150.71
2023-04-19,North,141.6
2023-04-20,North,139.82
2023-04-21,North,142.49
2023-04-22,North,145.28
2023-04-23,North,155.18
2023-04-24,North,156.55
2023-04-25,North,153.3
2023-04-26,North,147.51
2023-04-27,North,145.6
2023-04-28,North,148.29
2023-04-29,North,154.14
2023-04-30,North,154.37
2023-05-01,North,160.69
2023-05-02,North,167.21
2023-05-03,North,151.77
2023-05-04,North,139.13
2023-05-05,North,151.22
2023-05-06,North,149.22
2023-05-07,North,155.68
2023-05-08,North,167.97
2023-05-09,North,149.08
2023-05-10,North,137.42
2023-05-11,North,146.33
2023-05-12,North,143.73
2023-05-13,North,152.09
2023-05-14,North,157.51
2023-05-15,North,160.09
2023-05-16,North,153.62
2023-05-17,North,144.15
2023-05-18,North,140.0
2023-05-19,North,141.81
2023-05-20,North,147.6
2023-05-21,North,156.87
2023-05-22,North,149.06
2023-05-23,North,159.63
2023-05-24,North,149.52
2023-05-25,North,141.77
2023-05-26,North,145.36
2023-05-27,North,153.4
2023-05-28,North,156.27
2023-05-29,North,159.2
2023-05-30,North,159.13
2023-05-31,North,148.89
2023-06-01,North,152.7
2023-06-02,North,152.56
2023-06-03,North,156.98
2023-06-04,North,156.37
2023-06-05,North,159.33
2023-06-06,North,151.77
2023-06-07,North,149.54
2023-06-08,North,129.07
2023-06-09,North,142.45
2023-06-10,North,151.07
2023-06-11,North,152.84
2023-06-12,North,166.43
2023-06-13,North,151.37
2023-06-14,North,149.77
2023-06-15,North,156.98
2023-06-16,North,136.98
2023-06-17,North,152.15
2023-06-18,North,158.72
2023-06-19,North,159.71
2023-06-20,North,161.16
2023-06-21,North,154.25
2023-06-22,North,147.21
2023-06-23,North,141.7
2023-06-24,North,165.35
2023-06-25,North,152.19
2023-06-26,North,157.85
2023-06-27,North,158.49
2023-06-28,North,149.45
2023-06-29,North,146.08
2023-06-30,North,153.51
2023-07-01,North,152.87
2023-07-02,North,161.9
2023-07-03,North,160.33
2023-07-04,North,160.87
2023-07-05,North,147.7
2023-07-06,North,142.33
2023-07-07,North,148.62
2023-07-08,North,158.93
2023-07-09,North,150.58
2023-07-10,North,165.39
2023-07-11,North,156.87
2023-07-12,North,154.32
2023-07-13,North,142.96
2023-07-14,North,152.69
2023-07-15,North,150.66
2023-07-16,North,150.75
2023-07-17,North,169.13
2023-07-18,North,154.29
2023-07-19,North,141.97
2023-07-20,North,144.58
2023-07-21,North,145.28
2023-07-22,North,158.45
2023-07-23,North,166.65
2023-07-24,North,164.64
2023-07-25,North,154.37
2023-07-26,North,151.59
2023-07-27,North,145.62
2023-07-28,North,149.61
2023-07-29,North,150.25
2023-07-30,North,160.48
2023-07-31,North,167.0
2023-08-01,North,165.32
2023-08-02,North,155.28
2023-08-03,North,145.49
2023-08-04,North,144.61
2023-08-05,North,156.93
2023-08-06,North,157.31
2023-08-07,North,160.66
2023-08-08,North,166.92
2023-08-09,North,152.75
2023-08-10,North,143.63
2023-08-11,North,151.48
2023-08-12,North,161.63
2023-08-13,North,160.83
2023-08-14,North,162.89
2023-08-15,North,156.9
2023-08-16,North,155.84
2023-08-17,North,150.52
2023-08-18,North,154.56
2023-08-19,North,160.53
2023-08-20,North,155.18
2023-08-21,North,166.72
2023-08-22,North,154.66
2023-08-23,North,148.75
2023-08-24,North,146.8
2023-08-25,North,152.09
2023-08-26,North,151.32
2023-08-27,North,152.01
2023-08-28,North,166.51
2023-08-29,North,173.45
2023-08-30,North,150.59
2023-08-31,North,146.46
2023-09-01,North,157.11
2023-09-02,North,159.01
2023-09-03,North,165.01
2023-09-04,North,168.1
2023-09-05,North,161.78
2023-09-06,North,146.19
2023-09-07,North,139.81
2023-09-08,North,157.92
2023-09-09,North,157.27
2023-09-10,North,164.71
2023-09-11,North,165.73
2023-09-12,North,164.72
2023-09-13,North,164.87
2023-09-14,North,149.43
2023-09-15,North,145.84
2023-09-16,North,155.97
2023-09-17,North,169.85
2023-09-18,North,163.56
2023-09-19,North,165.36
2023-09-20,North,140.86
2023-09-21,North,145.94
2023-09-22,North,152.21
2023-09-23,North,163.28
2023-09-24,North,160.69
2023-09-25,North,159.24
2023-09-26,North,160.08
2023-09-27,North,147.12
2023-09-28,North,146.64
2023-09-29,North,149.32
2023-09-30,North,150.62
2023-10-01,North,169.1
2023-10-02,North,166.26
2023-10-03,North,167.08
2023-10-04,North,143.82
2023-10-05,North,142.58
2023-10-06,North,152.23
2023-10-07,North,153.51
2023-10-08,North,164.54
2023-10-09,North,167.34
2023-10-10,North,162.76
2023-10-11,North,149.94
2023-10-12,North,148.7
2023-10-13,North,146.02
2023-10-14,North,161.16
2023-10-15,North,165.08
2023-10-16,North,168.4
2023-10-17,North,175.1
2023-10-18,North,148.08
2023-10-19,North,155.19
2023-10-20,North,136.92
2023-10-21,North,147.69
2023-10-22,North,159.73
2023-10-23,North,162.02
2023-10-24,North,163.56
2023-10-25,North,155.35
2023-10-26,North,147.26
2023-10-27,North,149.76
2023-10-28,North,161.01
2023-10-29,North,170.39
2023-10-30,North,161.57
2023-10-31,North,161.02
2023-11-01,North,153.84
2023-11-02,North,151.25
2023-11-03,North,146.93
2023-11-04,North,158.21
2023-11-05,North,166.66
2023-11-06,North,164.96
2023-11-07,North,159.48
2023-11-08,North,154.97
2023-11-09,North,148.46
2023-11-10,North,153.59
2023-11-11,North,153.68
2023-11-12,North,165.05
2023-11-13,North,167.63
2023-11-14,North,167.47
2023-11-15,North,150.07
2023-11-16,North,150.57
2023-11-17,North,152.63
2023-11-18,North,167.46
2023-11-19,North,162.05
2023-11-20,North,165.78
2023-11-21,North,159.01
2023-11-22,North,146.71
2023-11-23,North,158.51
2023-11-24,North,145.45
2023-11-25,North,155.44
2023-11-26,North,173.96
2023-11-27,North,160.58
2023-11-28,North,167.76
2023-11-29,North,148.28
2023-11-30,North,156.21
2023-12-01,North,141.1
2023-12-02,North,151.04
2023-12-03,North,164.94
2023-12-04,North,174.5
2023-12-05,North,164.11
2023-12-06,North,153.95
2023-12-07,North,156.99
2023-12-08,North,163.01
2023-12-09,North,163.46
2023-12-10,North,164.84
2023-12-11,North,167.84
2023-12-12,North,158.11
2023-12-13,North,156.42
2023-12-14,North,142.4
2023-12-15,North,155.28
2023-12-16,North,170.41
2023-12-17,North,171.83
2023-12-18,North,167.87
2023-12-19,North,167.48
2023-12-20,North,164.31
2023-12-21,North,158.69
2023-12-22,North,147.79
2023-12-23,North,163.22
2023-12-24,North,167.74
2023-12-25,North,174.54
2023-12-26,North,167.05
2023-12-27,North,144.65
2023-12-28,North,149.39
2023-12-29,North,154.09
2023-12-30,North,153.79
2023-12-31,North,171.72
2022-01-01,South,106.69
2022-01-02,South,115.83
2022-01-03,South,105.57
2022-01-04,South,97.95
2022-01-05,South,93.12
2022-01-06,South,93.05
2022-01-07,South,102.85
2022-01-08,South,107.51
2022-01-09,South,109.83
2022-01-10,South,99.11
2022-01-11,South,97.56
2022-01-12,South,82.11
2022-01-13,South,94.09
2022-01-14,South,99.13
2022-01-15,South,110.27
2022-01-16,South,105.12
2022-01-17,South,94.4
2022-01-18,South,94.61
2022-01-19,South,85.76
2022-01-20,South,84.06
2022-01-21,South,104.66
2022-01-22,South,116.69
2022-01-23,South,106.67
2022-01-24,South,104.91
2022-01-25,South,95.11
2022-01-26,South,87.99
2022-01-27,South,96.57
2022-01-28,South,106.16
2022-01-29,South,104.63
2022-01-30,South,111.17
2022-01-31,South,112.0
2022-02-01,South,100.38
2022-02-02,South,95.76
2022-02-03,South,100.38
2022-02-04,South,108.17
2022-02-05,South,114.4
2022-02-06,South,111.96
2022-02-07,South,103.95
2022-02-08,South,97.74
2022-02-09,South,89.18
2022-02-10,South,84.07
2022-02-11,South,100.29
2022-02-12,South,111.33
2022-02-13,South,108.58
2022-02-14,South,105.19
2022-02-15,South,96.74
2022-02-16,South,98.93
2022-02-17,South,92.32
2022-02-18,South,108.76
2022-02-19,South,96.27
2022-02-20,South,118.55
2022-02-21,South,112.92
2022-02-22,South,102.31
2022-02-23,South,82.37
2022-02-24,South,99.5
2022-02-25,South,102.01
2022-02-26,South,97.48
2022-02-27,South,118.59
2022-02-28,South,113.95
2022-03-01,South,88.57
2022-03-02,South,93.6
2022-03-03,South,101.63
2022-03-04,South,108.7
2022-03-05,South,114.59
2022-03-06,South,99.15
2022-03-07,South,110.66
2022-03-08,South,97.29
2022-03-09,South,97.99
2022-03-10,South,96.26
2022-03-11,South,102.74
2022-03-12,South,113.9
2022-03-13,South,111.81
2022-03-14,South,107.18
2022-03-15,South,95.89
2022-03-16,South,85.27
2022-03-17,South,98.11
2022-03-18,South,99.1
2022-03-19,South,109.98
2022-03-20,South,114.39
2022-03-21,South,97.16
2022-03-22,South,89.65
2022-03-23,South,92.09
2022-03-24,South,97.83
2022-03-25,South,107.14
2022-03-26,South,103.32
2022-03-27,South,116.43
2022-03-28,South,106.65
2022-03-29,South,94.83
2022-03-30,South,90.63
2022-03-31,South,99.85
2022-04-01,South,105.07
2022-04-02,South,111.81
2022-04-03,South,114.75
2022-04-04,South,112.81
2022-04-05,South,99.04
2022-04-06,South,94.43
2022-04-07,South,101.82
2022-04-08,South,102.33
2022-04-09,South,114.94
2022-04-10,South,111.3
2022-04-11,South,106.37
2022-04-12,South,99.3
2022-04-13,South,97.02
2022-04-14,South,102.39
2022-04-15,South,104.76
2022-04-16,South,104.64
2022-04-17,South,117.27
2022-04-18,South,121.01
2022-04-19,South,100.65
2022-04-20,South,86.19
2022-04-21,South,97.56
2022-04-22,South,104.55
2022-04-23,South,111.99
2022-04-24,South,119.13
2022-04-25,South,115.92
2022-04-26,South,103.81
2022-04-27,South,94.36
2022-04-28,South,102.62
2022-04-29,South,97.39
2022-04-30,South,109.14
2022-05-01,South,111.66
2022-05-02,South,109.16
2022-05-03,South,103.22
2022-05-04,South,94.31
2022-05-05,South,92.75
2022-05-06,South,110.02
2022-05-07,South,111.83
2022-05-08,South,115.49
2022-05-09,South,112.36
2022-05-10,South,101.16
2022-05-11,South,95.82
2022-05-12,South,102.72
2022-05-13,South,106.19
2022-05-14,South,117.61
2022-05-15,South,117.99
2022-05-16,South,119.98
2022-05-17,South,103.3
2022-05-18,South,99.08
2022-05-19,South,103.37
2022-05-20,South,106.04
2022-05-21,South,110.39
2022-05-22,South,113.18
2022-05-23,South,107.86
2022-05-24,South,96.79
2022-05-25,South,97.77
2022-05-26,South,95.0
2022-05-27,South,106.98
2022-05-28,South,113.07
2022-05-29,South,115.63
2022-05-30,South,113.25
2022-05-31,South,99.12
2022-06-01,South,99.66
2022-06-02,South,106.27
2022-06-03,South,108.01
2022-06-04,South,110.25
2022-06-05,South,113.05
2022-06-06,South,109.52
2022-06-07,South,99.15
2022-06-08,South,91.8
2022-06-09,South,99.5
2022-06-10,South,105.48
2022-06-11,South,115.39
2022-06-12,South,122.35
2022-06-13,South,109.86
2022-06-14,South,96.48
2022-06-15,South,95.05
2022-06-16,South,102.87
2022-06-17,South,110.26
2022-06-18,South,117.33
2022-06-19,South,113.58
2022-06-20,South,115.09
2022-06-21,South,107.58
2022-06-22,South,93.85
2022-06-23,South,99.09
2022-06-24,South,117.26
2022-06-25,South,111.32
2022-06-26,South,108.47
2022-06-27,South,118.54
2022-06-28,South,108.67
2022-06-29,South,95.33
2022-06-30,South,99.02
2022-07-01,South,101.32
2022-07-02,South,115.75
2022-07-03,South,123.11
2022-07-04,South,109.2
2022-07-05,South,107.66
2022-07-06,South,100.22
2022-07-07,South,102.77
2022-07-08,South,105.32
2022-07-09,South,113.82
2022-07-10,South,108.33
2022-07-11,South,109.37
2022-07-12,South,109.38
2022-07-13,South,93.55
2022-07-14,South,96.26
2022-07-15,South,111.23
2022-07-16,South,117.9
2022-07-17,South,121.31
2022-07-18,South,106.67
2022-07-19,South,116.67
2022-07-20,South,92.4
2022-07-21,South,101.22
2022-07-22,South,107.52
2022-07-23,South,110.24
2022-07-24,South,116.29
2022-07-25,South,112.89
2022-07-26,South,100.89
2022-07-27,South,103.46
2022-07-28,South,99.93
2022-07-29,South,101.89
2022-07-30,South,109.33
2022-07-31,South,121.46
2022-08-01,South,105.63
2022-08-02,South,106.01
2022-08-03,South,101.28
2022-08-04,South,96.05
2022-08-05,South,113.34
2022-08-06,South,108.16
2022-08-07,South,120.2
2022-08-08,South,113.15
2022-08-09,South,104.12
2022-08-10,South,93.46
2022-08-11,South,96.63
2022-08-12,South,117.27
2022-08-13,South,123.11
2022-08-14,South,122.72
2022-08-15,South,118.34
2022-08-16,South,109.23
2022-08-17,South,98.02
2022-08-18,South,101.84
2022-08-19,South,102.1
2022-08-20,South,116.88
2022-08-21,South,125.21
2022-08-22,South,110.62
2022-08-23,South,110.41
2022-08-24,South,100.38
2022-08-25,South,94.97
2022-08-26,South,104.22
2022-08-27,South,122.21
2022-08-28,South,122.35
2022-08-29,South,114.72
2022-08-30,South,104.21
2022-08-31,South,101.26
2022-09-01,South,106.58
2022-09-02,South,117.42
2022-09-03,South,125.52
2022-09-04,South,121.73
2022-09-05,South,113.64
2022-09-06,South,106.6
2022-09-07,South,103.11
2022-09-08,South,105.06
2022-09-09,South,116.87
2022-09-10,South,128.77
2022-09-11,South,119.13
2022-09-12,South,125.57
2022-09-13,South,112.02
2022-09-14,South,100.28
2022-09-15,South,110.25
2022-09-16,South,119.05
2022-09-17,South,116.18
2022-09-18,South,129.11
2022-09-19,South,120.45
2022-09-20,South,118.29
2022-09-21,South,98.95
2022-09-22,South,101.28
2022-09-23,South,100.77
2022-09-24,South,121.62
2022-09-25,South,122.61
2022-09-26,South,112.55
2022-09-27,South,106.32
2022-09-28,South,94.81
2022-09-29,South,109.33
2022-09-30,South,108.74
2022-10-01,South,134.52
2022-10-02,South,120.15
2022-10-03,South,111.86
2022-10-04,South,104.96
2022-10-05,South,94.59
2022-10-06,South,106.03
2022-10-07,South,109.38
2022-10-08,South,125.0
2022-10-09,South,119.94
2022-10-10,South,122.87
2022-10-11,South,111.09
2022-10-12,South,102.08
2022-10-13,South,111.81
2022-10-14,South,116.53
2022-10-15,South,134.36
2022-10-16,South,119.55
2022-10-17,South,116.61
2022-10-18,South,115.44
2022-10-19,South,94.51
2022-10-20,South,110.78
2022-10-21,South,114.25
2022-10-22,South,115.48
2022-10-23,South,115.07
2022-10-24,South,113.16
2022-10-25,South,96.46
2022-10-26,South,100.07
2022-10-27,South,107.6
2022-10-28,South,109.96
2022-10-29,South,127.15
2022-10-30,South,130.48
2022-10-31,South,123.19
2022-11-01,South,109.32
2022-11-02,South,91.18
2022-11-03,South,101.26
2022-11-04,South,111.92
2022-11-05,South,116.02
2022-11-06,South,121.77
2022-11-07,South,125.15
2022-11-08,South,100.23
2022-11-09,South,112.15
2022-11-10,South,109.49
2022-11-11,South,114.26
2022-11-12,South,117.21
2022-11-13,South,118.38
2022-11-14,South,109.25
2022-11-15,South,117.33
2022-11-16,South,111.07
2022-11-17,South,98.32
2022-11-18,South,110.45
2022-11-19,South,123.24
2022-11-20,South,121.54
2022-11-21,South,108.08
2022-11-22,South,105.75
2022-11-23,South,113.42
2022-11-24,South,102.69
2022-11-25,South,112.68
2022-11-26,South,115.63
2022-11-27,South,126.27
2022-11-28,South,118.54
2022-11-29,South,105.61
2022-11-30,South,97.43
2022-12-01,South,112.95
2022-12-02,South,105.76
2022-12-03,South,124.16
2022-12-04,South,112.85
2022-12-05,South,121.78
2022-12-06,South,114.46
2022-12-07,South,109.72
2022-12-08,South,105.41
2022-12-09,South,121.99
2022-12-10,South,133.47
2022-12-11,South,122.3
2022-12-12,South,116.28
2022-12-13,South,110.65
2022-12-14,South,102.14
2022-12-15,South,103.38
2022-12-16,South,111.68
2022-12-17,South,130.8
2022-12-18,South,128.05
2022-12-19,South,116.42
2022-12-20,South,97.91
2022-12-21,South,97.1
2022-12-22,South,109.31
2022-12-23,South,104.04
2022-12-24,South,123.97
2022-12-25,South,119.15
2022-12-26,South,119.57
2022-12-27,South,110.8
2022-12-28,South,105.71
2022-12-29,South,105.11
2022-12-30,South,112.8
2022-12-31,South,119.19
2023-01-01,South,125.26
2023-01-02,South,128.84
2023-01-03,South,113.35
2023-01-04,South,110.55
2023-01-05,South,106.42
2023-01-06,South,108.33
2023-01-07,South,116.1
2023-01-08,South,121.12
2023-01-09,South,126.49
2023-01-10,South,122.82
2023-01-11,South,111.8
2023-01-12,South,108.25
2023-01-13,South,112.65
2023-01-14,South,106.3
2023-01-15,South,128.13
2023-01-16,South,127.1
2023-01-17,South,114.46
2023-01-18,South,115.39
2023-01-19,South,104.02
2023-01-20,South,106.67
2023-01-21,South,113.31
2023-01-22,South,125.22
2023-01-23,South,121.75
2023-01-24,South,124.81
2023-01-25,South,110.98
2023-01-26,South,104.48
2023-01-27,South,112.04
2023-01-28,South,114.53
2023-01-29,South,128.73
2023-01-30,South,130.86
2023-01-31,South,113.92
2023-02-01,South,117.5
2023-02-02,South,99.28
2023-02-03,South,114.42
2023-02-04,South,126.56
2023-02-05,South,128.65
2023-02-06,South,115.47
2023-02-07,South,126.2
2023-02-08,South,123.48
2023-02-09,South,105.36
2023-02-10,South,108.67
2023-02-11,South,110.77
2023-02-12,South,126.13
2023-02-13,South,132.89
2023-02-14,South,124.66
2023-02-15,South,128.24
2023-02-16,South,107.33
2023-02-17,South,100.98
2023-02-18,South,117.85
2023-02-19,South,112.77
2023-02-20,South,124.16
2023-02-21,South,129.58
2023-02-22,South,114.45
2023-02-23,South,108.35
2023-02-24,South,118.53
2023-02-25,South,115.93
2023-02-26,South,131.45
2023-02-27,South,127.76
2023-02-28,South,123.65
2023-03-01,South,107.02
2023-03-02,South,105.33
2023-03-03,South,102.72
2023-03-04,South,117.1
2023-03-05,South,127.38
2023-03-06,South,121.85
2023-03-07,South,132.28
2023-03-08,South,114.79
2023-03-09,South,108.32
2023-03-10,South,113.85
2023-03-11,South,113.72
2023-03-12,South,126.54
2023-03-13,South,124.11
2023-03-14,South,130.12
2023-03-15,South,108.39
2023-03-16,South,108.63
2023-03-17,South,111.94
2023-03-18,South,120.12
2023-03-19,South,123.1
2023-03-20,South,123.5
2023-03-21,South,119.78
2023-03-22,South,116.62
2023-03-23,South,107.89
2023-03-24,South,114.56
2023-03-25,South,120.82
2023-03-26,South,114.91
2023-03-27,South,129.51
2023-03-28,South,134.15
2023-03-29,South,120.89
2023-03-30,South,111.0
2023-03-31,South,105.57
2023-04-01,South,121.11
2023-04-02,South,130.28
2023-04-03,South,127.29
2023-04-04,South,124.77
2023-04-05,South,122.1
2023-04-06,South,104.89
2023-04-07,South,105.86
2023-04-08,South,122.48
2023-04-09,South,129.16
2023-04-10,South,133.99
2023-04-11,South,126.32
2023-04-12,South,112.0
2023-04-13,South,111.63
2023-04-14,South,105.73
2023-04-15,South,118.05
2023-04-16,South,129.67
2023-04-17,South,127.33
2023-04-18,South,136.1
2023-04-19,South,105.67
2023-04-20,South,107.02
2023-04-21,South,107.04
2023-04-22,South,116.09
2023-04-23,South,124.23
2023-04-24,South,122.79
2023-04-25,South,127.81
2023-04-26,South,112.68
2023-04-27,South,110.86
2023-04-28,South,109.84
2023-04-29,South,116.42
2023-04-30,South,136.1
2023-05-01,South,134.32
2023-05-02,South,115.0
2023-05-03,South,105.83
2023-05-04,South,115.55
2023-05-05,South,109.71
2023-05-06,South,111.92
2023-05-07,South,133.25
2023-05-08,South,130.84
2023-05-09,South,125.88
2023-05-10,South,120.04
2023-05-11,South,104.07
2023-05-12,South,104.44
2023-05-13,South,128.36
2023-05-14,South,121.13
2023-05-15,South,124.17
2023-05-16,South,119.8
2023-05-17,South,126.68
2023-05-18,South,113.38
2023-05-19,South,117.71
2023-05-20,South,121.72
2023-05-21,South,125.59
2023-05-22,South,133.73
2023-05-23,South,117.42
2023-05-24,South,111.09
2023-05-25,South,114.86
2023-05-26,South,106.38
2023-05-27,South,120.08
2023-05-28,South,128.17
2023-05-29,South,128.22
2023-05-30,South,115.74
2023-05-31,South,113.71
2023-06-01,South,107.36
2023-06-02,South,114.26
2023-06-03,South,121.87
2023-06-04,South,131.07
2023-06-05,South,127.77
2023-06-06,South,128.39
2023-06-07,South,109.36
2023-06-08,South,102.66
2023-06-09,South,102.07
2023-06-10,South,119.11
2023-06-11,South,125.7
2023-06-12,South,135.38
2023-06-13,South,122.82
2023-06-14,South,118.8
2023-06-15,South,116.13
2023-06-16,South,110.6
2023-06-17,South,123.38
2023-06-18,South,134.76
2023-06-19,South,125.53
2023-06-20,South,126.48
2023-06-21,South,114.31
2023-06-22,South,106.48
2023-06-23,South,106.64
2023-06-24,South,116.23
2023-06-25,South,130.34
2023-06-26,South,123.96
2023-06-27,South,123.89
2023-06-28,South,122.07
2023-06-29,South,114.88
2023-06-30,South,111.96
2023-07-01,South,130.92
2023-07-02,South,139.79
2023-07-03,South,132.43
2023-07-04,South,114.59
2023-07-05,South,122.73
2023-07-06,South,101.46
2023-07-07,South,122.28
2023-07-08,South,128.18
2023-07-09,South,139.49
2023-07-10,South,133.89
2023-07-11,South,125.41
2023-07-12,South,116.33
2023-07-13,South,110.48
2023-07-14,South,120.09
2023-07-15,South,126.61
2023-07-16,South,131.51
2023-07-17,South,129.27
2023-07-18,South,140.65
2023-07-19,South,123.43
2023-07-20,South,105.51
2023-07-21,South,112.89
2023-07-22,South,127.99
2023-07-23,South,127.2
2023-07-24,South,134.92
2023-07-25,South,132.55
2023-07-26,South,102.22
2023-07-27,South,113.25
2023-07-28,South,115.42
2023-07-29,South,121.56
2023-07-30,South,132.99
2023-07-31,South,136.74
2023-08-01,South,128.79
2023-08-02,South,117.58
2023-08-03,South,117.24
2023-08-04,South,116.3
2023-08-05,South,122.76
2023-08-06,South,125.21
2023-08-07,South,125.93
2023-08-08,South,121.72
2023-08-09,South,121.13
2023-08-10,South,113.97
2023-08-11,South,108.94
2023-08-12,South,127.43
2023-08-13,South,138.93
2023-08-14,South,131.04
2023-08-15,South,119.95
2023-08-16,South,116.48
2023-08-17,South,118.93
2023-08-18,South,119.37
2023-08-19,South,119.87
2023-08-20,South,139.95
2023-08-21,South,141.06
2023-08-22,South,125.28
2023-08-23,South,116.59
2023-08-24,South,111.98
2023-08-25,South,114.38
2023-08-26,South,129.53
2023-08-27,South,134.76
2023-08-28,South,138.99
2023-08-29,South,132.6
2023-08-30,South,129.17
2023-08-31,South,109.93
2023-09-01,South,119.1
2023-09-02,South,114.19
2023-09-03,South,126.34
2023-09-04,South,134.52
2023-09-05,South,131.62
2023-09-06,South,120.38
2023-09-07,South,112.68
2023-09-08,South,115.54
2023-09-09,South,132.2
2023-09-10,South,131.29
2023-09-11,South,143.93
2023-09-12,South,133.78
2023-09-13,South,123.46
2023-09-14,South,109.84
2023-09-15,South,122.45
2023-09-16,South,123.17
2023-09-17,South,127.53
2023-09-18,South,138.03
2023-09-19,South,123.16
2023-09-20,South,117.65
2023-09-21,South,116.04
2023-09-22,South,129.16
2023-09-23,South,122.49
2023-09-24,South,131.49
2023-09-25,South,139.42
2023-09-26,South,124.2
2023-09-27,South,123.97
2023-09-28,South,122.41
2023-09-29,South,116.82
2023-09-30,South,131.34
2023-10-01,South,135.53
2023-10-02,South,132.39
2023-10-03,South,129.69
2023-10-04,South,120.14
2023-10-05,South,116.23
2023-10-06,South,119.41
2023-10-07,South,129.44
2023-10-08,South,136.9
2023-10-09,South,124.18
2023-10-10,South,130.48
2023-10-11,South,114.78
2023-10-12,South,115.58
2023-10-13,South,118.31
2023-10-14,South,131.67
2023-10-15,South,134.5
2023-10-16,South,137.92
2023-10-17,South,135.22
2023-10-18,South,128.75
2023-10-19,South,116.63
2023-10-20,South,119.69
2023-10-21,South,127.13
2023-10-22,South,132.22
2023-10-23,South,133.06
2023-10-24,South,120.18
2023-10-25,South,117.52
2023-10-26,South,108.64
2023-10-27,South,125.78
2023-10-28,South,128.31
2023-10-29,South,134.6
2023-10-30,South,133.61
2023-10-31,South,131.98
2023-11-01,South,118.95
2023-11-02,South,118.69
2023-11-03,South,121.02
2023-11-04,South,123.35
2023-11-05,South,131.11
2023-11-06,South,142.3
2023-11-07,South,131.85
2023-11-08,South,119.57
2023-11-09,South,116.26
2023-11-10,South,115.03
2023-11-11,South,127.61
2023-11-12,South,139.96
2023-11-13,South,137.64
2023-11-14,South,144.22
2023-11-15,South,125.87
2023-11-16,South,119.55
2023-11-17,South,115.83
2023-11-18,South,127.04
2023-11-19,South,132.19
2023-11-20,South,127.23
2023-11-21,South,137.56
2023-11-22,South,121.5
2023-11-23,South,114.88
2023-11-24,South,121.71
2023-11-25,South,131.08
2023-11-26,South,134.77
2023-11-27,South,138.34
2023-11-28,South,136.71
2023-11-29,South,122.54
2023-11-30,South,120.49
2023-12-01,South,112.65
2023-12-02,South,122.6
2023-12-03,South,139.69
2023-12-04,South,132.17
2023-12-05,South,134.44
2023-12-06,South,123.9
2023-12-07,South,117.44
2023-12-08,South,117.09
2023-12-09,South,133.64
2023-12-10,South,145.6
2023-12-11,South,140.43
2023-12-12,South,135.17
2023-12-13,South,121.51
2023-12-14,South,113.57
2023-12-15,South,121.32
2023-12-16,South,124.51
2023-12-17,South,128.38
2023-12-18,South,143.23
2023-12-19,South,138.11
2023-12-20,South,120.91
2023-12-21,South,121.06
2023-12-22,South,126.82
2023-12-23,South,130.7
2023-12-24,South,131.56
2023-12-25,South,138.34
2023-12-26,South,140.77
2023-12-27,South,126.73
2023-12-28,South,122.82
2023-12-29,South,123.81
2023-12-30,South,125.68
2023-12-31,South,134.71
2022-01-01,East,147.92
2022-01-02,East,155.73
2022-01-03,East,155.77
2022-01-04,East,140.76
2022-01-05,East,127.44
2022-01-06,East,137.61
2022-01-07,East,149.23
2022-01-08,East,148.06
2022-01-09,East,152.41
2022-01-10,East,147.78
2022-01-11,East,135.15
2022-01-12,East,136.94
2022-01-13,East,135.07
2022-01-14,East,145.63
2022-01-15,East,146.96
2022-01-16,East,151.18
2022-01-17,East,151.61
2022-01-18,East,137.5
2022-01-19,East,142.63
2022-01-20,East,133.97
2022-01-21,East,144.95
2022-01-22,East,156.35
2022-01-23,East,146.56
2022-01-24,East,139.48
2022-01-25,East,132.02
2022-01-26,East,140.59
2022-01-27,East,133.49
2022-01-28,East,156.9
2022-01-29,East,149.15
2022-01-30,East,154.87
2022-01-31,East,156.28
2022-02-01,East,149.97
2022-02-02,East,144.88
2022-02-03,East,142.58
2022-02-04,East,149.52
2022-02-05,East,155.22
2022-02-06,East,158.12
2022-02-07,East,146.11
2022-02-08,East,136.13
2022-02-09,East,134.84
2022-02-10,East,135.98
2022-02-11,East,142.42
2022-02-12,East,156.03
2022-02-13,East,159.3
2022-02-14,East,149.59
2022-02-15,East,147.9
2022-02-16,East,129.44
2022-02-17,East,136.15
2022-02-18,East,141.39
2022-02-19,East,143.5
2022-02-20,East,154.39
2022-02-21,East,148.83
2022-02-22,East,148.37
2022-02-23,East,138.59
2022-02-24,East,132.28
2022-02-25,East,154.53
2022-02-26,East,159.23
2022-02-27,East,158.01
2022-02-28,East,148.59
2022-03-01,East,136.29
2022-03-02,East,133.86
2022-03-03,East,143.14
2022-03-04,East,154.97
2022-03-05,East,161.13
2022-03-06,East,152.94
2022-03-07,East,144.42
2022-03-08,East,142.08
2022-03-09,East,127.17
2022-03-10,East,139.6
2022-03-11,East,145.1
2022-03-12,East,151.37
2022-03-13,East,147.7
2022-03-14,East,152.87
2022-03-15,East,139.0
2022-03-16,East,130.45
2022-03-17,East,123.91
2022-03-18,East,145.99
2022-03-19,East,162.85
2022-03-20,East,164.27
2022-03-21,East,148.3
2022-03-22,East,138.94
2022-03-23,East,138.93
2022-03-24,East,133.56
2022-03-25,East,147.92
2022-03-26,East,158.11
2022-03-27,East,162.38
2022-03-28,East,150.38
2022-03-29,East,141.22
2022-03-30,East,132.48
2022-03-31,East,134.71
2022-04-01,East,145.57
2022-04-02,East,156.4
2022-04-03,East,161.1
2022-04-04,East,147.15
2022-04-05,East,149.99
2022-04-06,East,135.8
2022-04-07,East,139.03
2022-04-08,East,143.26
2022-04-09,East,142.73
2022-04-10,East,161.24
2022-04-11,East,155.14
2022-04-12,East,141.41
2022-04-13,East,137.78
2022-04-14,East,142.0
2022-04-15,East,139.47
2022-04-16,East,152.49
2022-04-17,East,161.08
2022-04-18,East,145.47
2022-04-19,East,144.57
2022-04-20,East,130.95
2022-04-21,East,142.04
2022-04-22,East,147.39
2022-04-23,East,147.35
2022-04-24,East,163.22
2022-04-25,East,148.36
2022-04-26,East,139.34
2022-04-27,East,139.03
2022-04-28,East,145.74
2022-04-29,East,142.78
2022-04-30,East,156.02
2022-05-01,East,159.83
2022-05-02,East,155.78
2022-05-03,East,144.56
2022-05-04,East,136.48
2022-05-05,East,136.15
2022-05-06,East,148.57
2022-05-07,East,150.64
2022-05-08,East,143.37
2022-05-09,East,154.79
2022-05-10,East,148.49
2022-05-11,East,126.79
2022-05-12,East,135.52
2022-05-13,East,151.53
2022-05-14,East,166.58
2022-05-15,East,158.37
2022-05-16,East,149.25
2022-05-17,East,143.34
2022-05-18,East,145.76
2022-05-19,East,137.63
2022-05-20,East,144.72
2022-05-21,East,154.17
2022-05-22,East,153.79
2022-05-23,East,153.8
2022-05-24,East,152.67
2022-05-25,East,140.79
2022-05-26,East,139.89
2022-05-27,East,147.55
2022-05-28,East,149.05
2022-05-29,East,163.26
2022-05-30,East,153.08
2022-05-31,East,143.93
2022-06-01,East,155.43
2022-06-02,East,142.93
2022-06-03,East,145.54
2022-06-04,East,155.02
2022-06-05,East,164.87
2022-06-06,East,154.32
2022-06-07,East,137.93
2022-06-08,East,144.35
2022-06-09,East,138.38
2022-06-10,East,158.95
2022-06-11,East,162.84
2022-06-12,East,157.18
2022-06-13,East,160.45
2022-06-14,East,145.75
2022-06-15,East,144.3
2022-06-16,East,144.44
2022-06-17,East,145.64
2022-06-18,East,154.51
2022-06-19,East,164.85
2022-06-20,East,152.66
2022-06-21,East,143.68
2022-06-22,East,135.55
2022-06-23,East,144.42
2022-06-24,East,160.47
2022-06-25,East,152.68
2022-06-26,East,160.11
2022-06-27,East,161.68
2022-06-28,East,145.59
2022-06-29,East,142.88
2022-06-30,East,137.28
2022-07-01,East,152.59
2022-07-02,East,157.37
2022-07-03,East,165.21
2022-07-04,East,160.85
2022-07-05,East,159.22
2022-07-06,East,143.8
2022-07-07,East,144.51
2022-07-08,East,151.71
2022-07-09,East,156.83
2022-07-10,East,162.26
2022-07-11,East,153.72
2022-07-12,East,147.4
2022-07-13,East,147.78
2022-07-14,East,138.13
2022-07-15,East,156.72
2022-07-16,East,165.47
2022-07-17,East,160.27
2022-07-18,East,144.88
2022-07-19,East,143.81
2022-07-20,East,147.97
2022-07-21,East,143.34
2022-07-22,East,146.32
2022-07-23,East,156.65
2022-07-24,East,165.35
2022-07-25,East,158.51
2022-07-26,East,145.94
2022-07-27,East,139.94
2022-07-28,East,141.78
2022-07-29,East,146.99
2022-07-30,East,167.54
2022-07-31,East,159.82
2022-08-01,East,162.15
2022-08-02,East,155.03
2022-08-03,East,147.05
2022-08-04,East,141.87
2022-08-05,East,153.91
2022-08-06,East,159.63
2022-08-07,East,157.2
2022-08-08,East,157.97
2022-08-09,East,141.82
2022-08-10,East,148.28
2022-08-11,East,141.99
2022-08-12,East,153.18
2022-08-13,East,161.45
2022-08-14,East,160.71
2022-08-15,East,159.57
2022-08-16,East,145.63
2022-08-17,East,146.99
2022-08-18,East,137.88
2022-08-19,East,153.1
2022-08-20,East,170.02
2022-08-21,East,157.29
2022-08-22,East,153.54
2022-08-23,East,150.86
2022-08-24,East,143.82
2022-08-25,East,146.65
2022-08-26,East,155.2
2022-08-27,East,163.79
2022-08-28,East,168.13
2022-08-29,East,159.26
2022-08-30,East,147.37
2022-08-31,East,146.57
2022-09-01,East,154.68
2022-09-02,East,152.38
2022-09-03,East,156.03
2022-09-04,East,168.41
2022-09-05,East,156.9
2022-09-06,East,138.0
2022-09-07,East,147.73
2022-09-08,East,142.79
2022-09-09,East,152.88
2022-09-10,East,162.85
2022-09-11,East,164.11
2022-09-12,East,161.34
2022-09-13,East,146.98
2022-09-14,East,146.35
2022-09-15,East,144.46
2022-09-16,East,157.31
2022-09-17,East,164.55
2022-09-18,East,158.77
2022-09-19,East,163.51
2022-09-20,East,146.76
2022-09-21,East,148.11
2022-09-22,East,147.88
2022-09-23,East,163.1
2022-09-24,East,160.65
2022-09-25,East,161.99
2022-09-26,East,158.27
2022-09-27,East,148.22
2022-09-28,East,148.36
2022-09-29,East,138.25
2022-09-30,East,148.93
2022-10-01,East,156.71
2022-10-02,East,168.78
2022-10-03,East,167.21
2022-10-04,East,149.5
2022-10-05,East,143.81
2022-10-06,East,146.97
2022-10-07,East,160.29
2022-10-08,East,157.7
2022-10-09,East,165.5
2022-10-10,East,163.82
2022-10-11,East,152.81
2022-10-12,East,145.89
2022-10-13,East,151.92
2022-10-14,East,141.25
2022-10-15,East,166.02
2022-10-16,East,161.33
2022-10-17,East,150.08
2022-10-18,East,153.15
2022-10-19,East,152.09
2022-10-20,East,146.51
2022-10-21,East,159.82
2022-10-22,East,170.98
2022-10-23,East,171.46
2022-10-24,East,167.72
2022-10-25,East,154.59
2022-10-26,East,145.89
2022-10-27,East,139.48
2022-10-28,East,154.12
2022-10-29,East,158.99
2022-10-30,East,176.03
2022-10-31,East,158.93
2022-11-01,East,151.79
2022-11-02,East,148.56
2022-11-03,East,147.99
2022-11-04,East,164.11
2022-11-05,East,160.38
2022-11-06,East,166.44
2022-11-07,East,156.38
2022-11-08,East,144.86
2022-11-09,East,143.03
2022-11-10,East,147.88
2022-11-11,East,153.78
2022-11-12,East,160.32
2022-11-13,East,158.72
2022-11-14,East,159.97
2022-11-15,East,144.22
2022-11-16,East,150.18
2022-11-17,East,148.76
2022-11-18,East,148.92
2022-11-19,East,162.52
2022-11-20,East,162.28
2022-11-21,East,162.27
2022-11-22,East,158.74
2022-11-23,East,137.29
2022-11-24,East,149.21
2022-11-25,East,155.7
2022-11-26,East,167.71
2022-11-27,East,167.4
2022-11-28,East,157.2
2022-11-29,East,150.73
2022-11-30,East,142.97
2022-12-01,East,154.31
2022-12-02,East,156.89
2022-12-03,East,174.15
2022-12-04,East,166.31
2022-12-05,East,157.71
2022-12-06,East,145.04
2022-12-07,East,138.23
2022-12-08,East,141.29
2022-12-09,East,158.41
2022-12-10,East,167.48
2022-12-11,East,159.0
2022-12-12,East,166.01
2022-12-13,East,150.48
2022-12-14,East,148.26
2022-12-15,East,157.56
2022-12-16,East,161.85
2022-12-17,East,163.88
2022-12-18,East,162.74
2022-12-19,East,151.07
2022-12-20,East,149.59
2022-12-21,East,146.76
2022-12-22,East,144.85
2022-12-23,East,156.99
2022-12-24,East,165.89
2022-12-25,East,166.36
2022-12-26,East,158.86
2022-12-27,East,154.32
2022-12-28,East,150.32
2022-12-29,East,144.63
2022-12-30,East,164.99
2022-12-31,East,165.3
2023-01-01,East,165.93
2023-01-02,East,171.35
2023-01-03,East,163.61
2023-01-04,East,158.57
2023-01-05,East,149.87
2023-01-06,East,147.35
2023-01-07,East,160.08
2023-01-08,East,160.41
2023-01-09,East,168.64
2023-01-10,East,162.56
2023-01-11,East,153.05
2023-01-12,East,148.08
2023-01-13,East,141.29
2023-01-14,East,155.81
2023-01-15,East,166.88
2023-01-16,East,169.19
2023-01-17,East,157.88
2023-01-18,East,160.71
2023-01-19,East,144.68
2023-01-20,East,155.83
2023-01-21,East,160.98
2023-01-22,East,163.47
2023-01-23,East,177.55
2023-01-24,East,157.34
2023-01-25,East,159.27
2023-01-26,East,154.3
2023-01-27,East,147.92
2023-01-28,East,166.09
2023-01-29,East,165.74
2023-01-30,East,170.41
2023-01-31,East,164.9
2023-02-01,East,154.29
2023-02-02,East,153.64
2023-02-03,East,155.53
2023-02-04,East,150.68
2023-02-05,East,173.8
2023-02-06,East,160.94
2023-02-07,East,169.04
2023-02-08,East,160.88
2023-02-09,East,144.42
2023-02-10,East,149.79
2023-02-11,East,154.18
2023-02-12,East,166.49
2023-02-13,East,168.0
2023-02-14,East,168.07
2023-02-15,East,162.09
2023-02-16,East,157.14
2023-02-17,East,149.33
2023-02-18,East,158.95
2023-02-19,East,159.44
2023-02-20,East,165.8
2023-02-21,East,169.28
2023-02-22,East,163.9
2023-02-23,East,144.28
2023-02-24,East,149.46
2023-02-25,East,160.15
2023-02-26,East,169.54
2023-02-27,East,166.07
2023-02-28,East,166.87
2023-03-01,East,153.74
2023-03-02,East,150.67
2023-03-03,East,155.44
2023-03-04,East,160.6
2023-03-05,East,166.25
2023-03-06,East,169.86
2023-03-07,East,164.59
2023-03-08,East,154.55
2023-03-09,East,149.73
2023-03-10,East,160.99
2023-03-11,East,163.66
2023-03-12,East,167.24
2023-03-13,East,174.18
2023-03-14,East,163.65
2023-03-15,East,162.55
2023-03-16,East,153.16
2023-03-17,East,152.75
2023-03-18,East,163.39
2023-03-19,East,161.15
2023-03-20,East,165.35
2023-03-21,East,159.64
2023-03-22,East,157.69
2023-03-23,East,160.27
2023-03-24,East,164.73
2023-03-25,East,164.63
2023-03-26,East,171.8
2023-03-27,East,162.26
2023-03-28,East,163.19
2023-03-29,East,153.32
2023-03-30,East,148.79
2023-03-31,East,153.02
2023-04-01,East,159.36
2023-04-02,East,159.69
2023-04-03,East,175.3
2023-04-04,East,160.82
2023-04-05,East,158.75
2023-04-06,East,162.55
2023-04-07,East,149.56
2023-04-08,East,149.36
2023-04-09,East,168.44
2023-04-10,East,177.35
2023-04-11,East,176.27
2023-04-12,East,151.69
2023-04-13,East,154.95
2023-04-14,East,152.11
2023-04-15,East,161.77
2023-04-16,East,183.38
2023-04-17,East,164.62
2023-04-18,East,168.03
2023-04-19,East,160.46
2023-04-20,East,158.19
2023-04-21,East,155.22
2023-04-22,East,164.13
2023-04-23,East,168.49
2023-04-24,East,173.77
2023-04-25,East,165.33
2023-04-26,East,161.52
2023-04-27,East,151.2
2023-04-28,East,156.9
2023-04-29,East,162.73
2023-04-30,East,176.37
2023-05-01,East,172.45
2023-05-02,East,158.47
2023-05-03,East,165.01
2023-05-04,East,148.8
2023-05-05,East,152.04
2023-05-06,East,160.19
2023-05-07,East,177.9
2023-05-08,East,162.32
2023-05-09,East,183.32
2023-05-10,East,164.27
2023-05-11,East,154.74
2023-05-12,East,155.32
2023-05-13,East,164.88
2023-05-14,East,173.92
2023-05-15,East,176.51
2023-05-16,East,170.69
2023-05-17,East,159.73
2023-05-18,East,152.92
2023-05-19,East,155.12
2023-05-20,East,162.77
2023-05-21,East,177.27
2023-05-22,East,176.54
2023-05-23,East,153.5
2023-05-24,East,162.85
2023-05-25,East,155.17
2023-05-26,East,156.08
2023-05-27,East,162.09
2023-05-28,East,177.51
2023-05-29,East,178.6
2023-05-30,East,164.63
2023-05-31,East,161.89
2023-06-01,East,149.63
2023-06-02,East,149.56
2023-06-03,East,161.18
2023-06-04,East,176.49
2023-06-05,East,178.91
2023-06-06,East,171.34
2023-06-07,East,163.77
2023-06-08,East,157.35
2023-06-09,East,153.54
2023-06-10,East,166.76
2023-06-11,East,176.47
2023-06-12,East,178.21
2023-06-13,East,175.01
2023-06-14,East,163.97
2023-06-15,East,156.82
2023-06-16,East,162.38
2023-06-17,East,164.76
2023-06-18,East,168.34
2023-06-19,East,173.91
2023-06-20,East,165.63
2023-06-21,East,157.34
2023-06-22,East,154.63
2023-06-23,East,153.36
2023-06-24,East,163.64
2023-06-25,East,163.57
2023-06-26,East,176.08
2023-06-27,East,169.65
2023-06-28,East,156.92
2023-06-29,East,158.93
2023-06-30,East,162.3
2023-07-01,East,157.43
2023-07-02,East,169.51
2023-07-03,East,171.46
2023-07-04,East,165.23
2023-07-05,East,165.44
2023-07-06,East,154.96
2023-07-07,East,156.58
2023-07-08,East,155.74
2023-07-09,East,176.79
2023-07-10,East,169.39
2023-07-11,East,170.52
2023-07-12,East,162.97
2023-07-13,East,163.02
2023-07-14,East,151.64
2023-07-15,East,150.95
2023-07-16,East,174.82
2023-07-17,East,184.88
2023-07-18,East,176.7
2023-07-19,East,162.92
2023-07-20,East,154.04
2023-07-21,East,162.51
2023-07-22,East,161.47
2023-07-23,East,176.57
2023-07-24,East,178.69
2023-07-25,East,176.1
2023-07-26,East,175.96
2023-07-27,East,158.75
2023-07-28,East,156.22
2023-07-29,East,166.49
2023-07-30,East,165.64
2023-07-31,East,172.98
2023-08-01,East,169.04
2023-08-02,East,159.83
2023-08-03,East,157.84
2023-08-04,East,154.94
2023-08-05,East,172.51
2023-08-06,East,174.77
2023-08-07,East,176.69
2023-08-08,East,169.73
2023-08-09,East,163.51
2023-08-10,East,161.49
2023-08-11,East,155.0
2023-08-12,East,163.91
2023-08-13,East,173.54
2023-08-14,East,170.3
2023-08-15,East,167.56
2023-08-16,East,160.64
2023-08-17,East,162.03
2023-08-18,East,160.94
2023-08-19,East,168.45
2023-08-20,East,179.6
2023-08-21,East,176.63
2023-08-22,East,173.9
2023-08-23,East,162.8
2023-08-24,East,159.27
2023-08-25,East,157.0
2023-08-26,East,155.58
2023-08-27,East,174.96
2023-08-28,East,184.72
2023-08-29,East,176.87
2023-08-30,East,168.43
2023-08-31,East,164.41
2023-09-01,East,160.65
2023-09-02,East,169.05
2023-09-03,East,172.83
2023-09-04,East,176.31
2023-09-05,East,175.6
2023-09-06,East,169.91
2023-09-07,East,157.82
2023-09-08,East,158.24
2023-09-09,East,168.35
2023-09-10,East,179.22
2023-09-11,East,170.96
2023-09-12,East,161.33
2023-09-13,East,161.42
2023-09-14,East,152.7
2023-09-15,East,158.24
2023-09-16,East,167.9
2023-09-17,East,174.23
2023-09-18,East,185.73
2023-09-19,East,174.73
2023-09-20,East,165.97
2023-09-21,East,162.21
2023-09-22,East,155.37
2023-09-23,East,174.12
2023-09-24,East,176.41
2023-09-25,East,182.11
2023-09-26,East,168.03
2023-09-27,East,156.98
2023-09-28,East,163.47
2023-09-29,East,163.24
2023-09-30,East,164.7
2023-10-01,East,172.73
2023-10-02,East,184.67
2023-10-03,East,167.73
2023-10-04,East,173.25
2023-10-05,East,155.17
2023-10-06,East,164.83
2023-10-07,East,167.86
2023-10-08,East,180.38
2023-10-09,East,176.61
2023-10-10,East,173.15
2023-10-11,East,165.53
2023-10-12,East,154.95
2023-10-13,East,165.63
2023-10-14,East,167.22
2023-10-15,East,176.51
2023-10-16,East,174.65
2023-10-17,East,161.44
2023-10-18,East,164.66
2023-10-19,East,172.31
2023-10-20,East,166.14
2023-10-21,East,169.98
2023-10-22,East,176.62
2023-10-23,East,180.02
2023-10-24,East,177.28
2023-10-25,East,160.0
2023-10-26,East,166.11
2023-10-27,East,166.08
2023-10-28,East,173.96
2023-10-29,East,180.42
2023-10-30,East,180.3
2023-10-31,East,178.19
2023-11-01,East,169.15
2023-11-02,East,159.05
2023-11-03,East,159.93
2023-11-04,East,171.16
2023-11-05,East,186.26
2023-11-06,East,174.29
2023-11-07,East,167.78
2023-11-08,East,167.3
2023-11-09,East,161.37
2023-11-10,East,163.95
2023-11-11,East,172.16
2023-11-12,East,177.69
2023-11-13,East,188.22
2023-11-14,East,167.4
2023-11-15,East,162.63
2023-11-16,East,160.88
2023-11-17,East,155.16
2023-11-18,East,170.35
2023-11-19,East,187.4
2023-11-20,East,181.17
2023-11-21,East,176.85
2023-11-22,East,160.76
2023-11-23,East,158.61
2023-11-24,East,161.78
2023-11-25,East,169.93
2023-11-26,East,185.79
2023-11-27,East,184.14
2023-11-28,East,170.42
2023-11-29,East,168.58
2023-11-30,East,164.47
2023-12-01,East,169.65
2023-12-02,East,179.71
2023-12-03,East,174.59
2023-12-04,East,177.58
2023-12-05,East,169.98
2023-12-06,East,166.46
2023-12-07,East,164.59
2023-12-08,East,169.17
2023-12-09,East,171.71
2023-12-10,East,178.35
2023-12-11,East,182.69
2023-12-12,East,172.38
2023-12-13,East,178.37
2023-12-14,East,154.51
2023-12-15,East,165.45
2023-12-16,East,182.5
2023-12-17,East,180.28
2023-12-18,East,181.26
2023-12-19,East,175.06
2023-12-20,East,167.31
2023-12-21,East,169.7
2023-12-22,East,153.75
2023-12-23,East,180.34
2023-12-24,East,173.41
2023-12-25,East,181.17
2023-12-26,East,174.99
2023-12-27,East,171.44
2023-12-28,East,155.14
2023-12-29,East,167.41
2023-12-30,East,183.08
2023-12-31,East,174.0
2022-01-01,West,137.71
2022-01-02,West,150.38
2022-01-03,West,134.24
2022-01-04,West,137.7
2022-01-05,West,129.67
2022-01-06,West,124.8
2022-01-07,West,130.6
2022-01-08,West,147.35
2022-01-09,West,142.87
2022-01-10,West,130.98
2022-01-11,West,132.88
2022-01-12,West,126.79
2022-01-13,West,132.36
2022-01-14,West,136.28
2022-01-15,West,139.65
2022-01-16,West,150.71
2022-01-17,West,145.83
2022-01-18,West,131.53
2022-01-19,West,125.29
2022-01-20,West,120.35
2022-01-21,West,131.79
2022-01-22,West,146.49
2022-01-23,West,141.87
2022-01-24,West,132.0
2022-01-25,West,148.13
2022-01-26,West,117.96
2022-01-27,West,138.54
2022-01-28,West,133.57
2022-01-29,West,142.55
2022-01-30,West,141.58
2022-01-31,West,143.49
2022-02-01,West,123.74
2022-02-02,West,116.37
2022-02-03,West,135.59
2022-02-04,West,131.38
2022-02-05,West,146.99
2022-02-06,West,139.8
2022-02-07,West,143.4
2022-02-08,West,139.64
2022-02-09,West,123.22
2022-02-10,West,118.16
2022-02-11,West,144.13
2022-02-12,West,148.18
2022-02-13,West,143.15
2022-02-14,West,139.06
2022-02-15,West,125.96
2022-02-16,West,133.25
2022-02-17,West,125.44
2022-02-18,West,128.88
2022-02-19,West,144.9
2022-02-20,West,141.51
2022-02-21,West,135.29
2022-02-22,West,129.65
2022-02-23,West,126.86
2022-02-24,West,121.5
2022-02-25,West,143.19
2022-02-26,West,147.51
2022-02-27,West,144.27
2022-02-28,West,136.21
2022-03-01,West,131.64
2022-03-02,West,131.22
2022-03-03,West,132.41
2022-03-04,West,141.84
2022-03-05,West,142.01
2022-03-06,West,131.76
2022-03-07,West,147.25
2022-03-08,West,131.54
2022-03-09,West,130.34
2022-03-10,West,137.33
2022-03-11,West,149.01
2022-03-12,West,141.45
2022-03-13,West,147.34
2022-03-14,West,148.14
2022-03-15,West,128.44
2022-03-16,West,124.39
2022-03-17,West,126.33
2022-03-18,West,136.99
2022-03-19,West,143.89
2022-03-20,West,143.99
2022-03-21,West,136.76
2022-03-22,West,137.01
2022-03-23,West,134.27
2022-03-24,West,136.97
2022-03-25,West,135.01
2022-03-26,West,149.54
2022-03-27,West,148.43
2022-03-28,West,139.02
2022-03-29,West,136.91
2022-03-30,West,124.79
2022-03-31,West,127.96
2022-04-01,West,130.82
2022-04-02,West,143.24
2022-04-03,West,148.8
2022-04-04,West,150.01
2022-04-05,West,131.76
2022-04-06,West,122.97
2022-04-07,West,137.62
2022-04-08,West,135.47
2022-04-09,West,137.11
2022-04-10,West,148.49
2022-04-11,West,140.83
2022-04-12,West,145.32
2022-04-13,West,130.83
2022-04-14,West,129.69
2022-04-15,West,133.66
2022-04-16,West,147.79
2022-04-17,West,155.39
2022-04-18,West,144.3
2022-04-19,West,129.87
2022-04-20,West,131.43
2022-04-21,West,130.47
2022-04-22,West,140.81
2022-04-23,West,144.65
2022-04-24,West,146.51
2022-04-25,West,140.94
2022-04-26,West,139.1
2022-04-27,West,127.18
2022-04-28,West,128.7
2022-04-29,West,134.15
2022-04-30,West,148.99
2022-05-01,West,150.25
2022-05-02,West,141.07
2022-05-03,West,131.13
2022-05-04,West,138.69
2022-05-05,West,121.88
2022-05-06,West,141.61
2022-05-07,West,153.46
2022-05-08,West,132.04
2022-05-09,West,147.58
2022-05-10,West,133.87
2022-05-11,West,130.88
2022-05-12,West,129.96
2022-05-13,West,144.81
2022-05-14,West,149.11
2022-05-15,West,149.92
2022-05-16,West,139.4
2022-05-17,West,144.67
2022-05-18,West,129.94
2022-05-19,West,143.31
2022-05-20,West,149.36
2022-05-21,West,138.69
2022-05-22,West,146.28
2022-05-23,West,139.0
2022-05-24,West,135.3
2022-05-25,West,131.11
2022-05-26,West,133.3
2022-05-27,West,145.28
2022-05-28,West,155.34
2022-05-29,West,154.68
2022-05-30,West,141.67
2022-05-31,West,131.92
2022-06-01,West,130.48
2022-06-02,West,134.57
2022-06-03,West,139.38
2022-06-04,West,141.43
2022-06-05,West,153.54
2022-06-06,West,142.8
2022-06-07,West,134.01
2022-06-08,West,130.48
2022-06-09,West,131.53
2022-06-10,West,138.75
2022-06-11,West,142.04
2022-06-12,West,149.85
2022-06-13,West,148.56
2022-06-14,West,137.73
2022-06-15,West,135.78
2022-06-16,West,129.37
2022-06-17,West,134.48
2022-06-18,West,147.5
2022-06-19,West,147.63
2022-06-20,West,142.78
2022-06-21,West,137.76
2022-06-22,West,128.81
2022-06-23,West,127.05
2022-06-24,West,138.37
2022-06-25,West,150.72
2022-06-26,West,154.35
2022-06-27,West,148.93
2022-06-28,West,139.11
2022-06-29,West,130.78
2022-06-30,West,135.61
2022-07-01,West,141.24
2022-07-02,West,149.87
2022-07-03,West,146.58
2022-07-04,West,146.13
2022-07-05,West,139.17
2022-07-06,West,133.61
2022-07-07,West,127.44
2022-07-08,West,142.22
2022-07-09,West,142.38
2022-07-10,West,152.44
2022-07-11,West,142.69
2022-07-12,West,146.09
2022-07-13,West,132.79
2022-07-14,West,138.17
2022-07-15,West,152.58
2022-07-16,West,145.8
2022-07-17,West,154.03
2022-07-18,West,140.56
2022-07-19,West,139.57
2022-07-20,West,141.31
2022-07-21,West,131.31
2022-07-22,West,137.88
2022-07-23,West,149.72
2022-07-24,West,162.37
2022-07-25,West,150.63
2022-07-26,West,133.61
2022-07-27,West,140.04
2022-07-28,West,126.47
2022-07-29,West,153.28
2022-07-30,West,154.74
2022-07-31,West,161.25
2022-08-01,West,138.82
2022-08-02,West,139.27
2022-08-03,West,132.39
2022-08-04,West,129.99
2022-08-05,West,136.41
2022-08-06,West,153.28
2022-08-07,West,155.71
2022-08-08,West,153.85
2022-08-09,West,136.2
2022-08-10,West,132.64
2022-08-11,West,128.41
2022-08-12,West,150.88
2022-08-13,West,151.38
2022-08-14,West,156.62
2022-08-15,West,151.43
2022-08-16,West,146.3
2022-08-17,West,129.48
2022-08-18,West,139.09
2022-08-19,West,143.34
2022-08-20,West,161.85
2022-08-21,West,149.12
2022-08-22,West,153.78
2022-08-23,West,141.04
2022-08-24,West,135.41
2022-08-25,West,136.16
2022-08-26,West,150.49
2022-08-27,West,152.93
2022-08-28,West,145.96
2022-08-29,West,154.31
2022-08-30,West,144.76
2022-08-31,West,137.15
2022-09-01,West,130.54
2022-09-02,West,139.18
2022-09-03,West,142.51
2022-09-04,West,156.17
2022-09-05,West,141.76
2022-09-06,West,131.27
2022-09-07,West,140.87
2022-09-08,West,140.31
2022-09-09,West,142.66
2022-09-10,West,151.52
2022-09-11,West,142.12
2022-09-12,West,153.38
2022-09-13,West,136.69
2022-09-14,West,136.44
2022-09-15,West,124.32
2022-09-16,West,149.51
2022-09-17,West,148.71
2022-09-18,West,147.57
2022-09-19,West,147.38
2022-09-20,West,137.46
2022-09-21,West,140.45
2022-09-22,West,134.94
2022-09-23,West,151.72
2022-09-24,West,154.42
2022-09-25,West,159.21
2022-09-26,West,149.36
2022-09-27,West,147.09
2022-09-28,West,129.59
2022-09-29,West,137.9
2022-09-30,West,143.21
2022-10-01,West,160.04
2022-10-02,West,162.52
2022-10-03,West,149.66
2022-10-04,West,134.56
2022-10-05,West,137.79
2022-10-06,West,129.3
2022-10-07,West,153.61
2022-10-08,West,150.98
2022-10-09,West,155.16
2022-10-10,West,146.54
2022-10-11,West,136.8
2022-10-12,West,139.62
2022-10-13,West,137.12
2022-10-14,West,145.98
2022-10-15,West,148.61
2022-10-16,West,159.88
2022-10-17,West,155.02
2022-10-18,West,140.55
2022-10-19,West,142.57
2022-10-20,West,137.68
2022-10-21,West,149.96
2022-10-22,West,145.8
2022-10-23,West,157.66
2022-10-24,West,149.16
2022-10-25,West,142.66
2022-10-26,West,137.07
2022-10-27,West,139.11
2022-10-28,West,149.42
2022-10-29,West,151.38
2022-10-30,West,159.02
2022-10-31,West,156.97
2022-11-01,West,135.12
2022-11-02,West,132.9
2022-11-03,West,135.08
2022-11-04,West,141.17
2022-11-05,West,152.12
2022-11-06,West,161.63
2022-11-07,West,158.33
2022-11-08,West,142.99
2022-11-09,West,135.47
2022-11-10,West,143.08
2022-11-11,West,135.1
2022-11-12,West,149.51
2022-11-13,West,145.15
2022-11-14,West,146.06
2022-11-15,West,138.91
2022-11-16,West,144.77
2022-11-17,West,125.55
2022-11-18,West,145.13
2022-11-19,West,158.17
2022-11-20,West,159.1
2022-11-21,West,158.98
2022-11-22,West,143.84
2022-11-23,West,139.54
2022-11-24,West,130.45
2022-11-25,West,142.56
2022-11-26,West,146.44
2022-11-27,West,160.19
2022-11-28,West,153.7
2022-11-29,West,144.89
2022-11-30,West,133.55
2022-12-01,West,135.06
2022-12-02,West,148.83
2022-12-03,West,152.3
2022-12-04,West,152.52
2022-12-05,West,149.71
2022-12-06,West,140.31
2022-12-07,West,133.91
2022-12-08,West,134.09
2022-12-09,West,150.32
2022-12-10,West,163.71
2022-12-11,West,157.71
2022-12-12,West,153.65
2022-12-13,West,146.58
2022-12-14,West,140.36
2022-12-15,West,136.27
2022-12-16,West,156.96
2022-12-17,West,152.44
2022-12-18,West,161.43
2022-12-19,West,155.48
2022-12-20,West,134.4
2022-12-21,West,137.02
2022-12-22,West,141.07
2022-12-23,West,149.32
2022-12-24,West,158.02
2022-12-25,West,162.27
2022-12-26,West,153.07
2022-12-27,West,146.25
2022-12-28,West,138.88
2022-12-29,West,135.99
2022-12-30,West,149.1
2022-12-31,West,160.54
2023-01-01,West,162.38
2023-01-02,West,161.5
2023-01-03,West,160.11
2023-01-04,West,146.9
2023-01-05,West,143.76
2023-01-06,West,146.09
2023-01-07,West,148.15
2023-01-08,West,160.76
2023-01-09,West,154.4
2023-01-10,West,155.48
2023-01-11,West,147.98
2023-01-12,West,144.98
2023-01-13,West,145.8
2023-01-14,West,154.88
2023-01-15,West,156.92
2023-01-16,West,157.66
2023-01-17,West,152.64
2023-01-18,West,146.71
2023-01-19,West,130.97
2023-01-20,West,148.64
2023-01-21,West,150.06
2023-01-22,West,155.63
2023-01-23,West,147.03
2023-01-24,West,154.12
2023-01-25,West,144.68
2023-01-26,West,135.81
2023-01-27,West,138.91
2023-01-28,West,150.0
2023-01-29,West,155.05
2023-01-30,West,162.82
2023-01-31,West,150.85
2023-02-01,West,146.73
2023-02-02,West,146.49
2023-02-03,West,142.38
2023-02-04,West,152.2
2023-02-05,West,159.74
2023-02-06,West,160.29
2023-02-07,West,154.55
2023-02-08,West,143.39
2023-02-09,West,141.63
2023-02-10,West,141.43
2023-02-11,West,158.44
2023-02-12,West,162.62
2023-02-13,West,153.28
2023-02-14,West,148.18
2023-02-15,West,145.88
2023-02-16,West,139.19
2023-02-17,West,142.22
2023-02-18,West,154.25
2023-02-19,West,160.43
2023-02-20,West,162.36
2023-02-21,West,162.69
2023-02-22,West,139.88
2023-02-23,West,141.97
2023-02-24,West,140.53
2023-02-25,West,158.46
2023-02-26,West,148.1
2023-02-27,West,150.29
2023-02-28,West,157.27
2023-03-01,West,152.74
2023-03-02,West,145.61
2023-03-03,West,139.71
2023-03-04,West,159.1
2023-03-05,West,153.27
2023-03-06,West,167.94
2023-03-07,West,150.54
2023-03-08,West,145.64
2023-03-09,West,145.22
2023-03-10,West,136.67
2023-03-11,West,159.21
2023-03-12,West,157.93
2023-03-13,West,162.38
2023-03-14,West,162.13
2023-03-15,West,143.72
2023-03-16,West,147.62
2023-03-17,West,152.49
2023-03-18,West,148.87
2023-03-19,West,166.85
2023-03-20,West,153.18
2023-03-21,West,158.56
2023-03-22,West,141.83
2023-03-23,West,147.32
2023-03-24,West,148.88
2023-03-25,West,162.82
2023-03-26,West,167.4
2023-03-27,West,161.44
2023-03-28,West,151.49
2023-03-29,West,151.09
2023-03-30,West,142.59
2023-03-31,West,152.62
2023-04-01,West,141.89
2023-04-02,West,171.52
2023-04-03,West,165.22
2023-04-04,West,153.12
2023-04-05,West,152.22
2023-04-06,West,149.67
2023-04-07,West,145.72
2023-04-08,West,144.19
2023-04-09,West,159.4
2023-04-10,West,168.04
2023-04-11,West,159.96
2023-04-12,West,148.06
2023-04-13,West,150.01
2023-04-14,West,149.14
2023-04-15,West,157.38
2023-04-16,West,159.11
2023-04-17,West,160.6
2023-04-18,West,149.26
2023-04-19,West,147.83
2023-04-20,West,148.43
2023-04-21,West,144.71
2023-04-22,West,155.82
2023-04-23,West,167.0
2023-04-24,West,165.28
2023-04-25,West,160.4
2023-04-26,West,142.63
2023-04-27,West,142.43
2023-04-28,West,154.65
2023-04-29,West,154.4
2023-04-30,West,171.22
2023-05-01,West,160.09
2023-05-02,West,159.51
2023-05-03,West,147.79
2023-05-04,West,147.29
2023-05-05,West,150.78
2023-05-06,West,157.18
2023-05-07,West,167.23
2023-05-08,West,163.93
2023-05-09,West,157.67
2023-05-10,West,141.2
2023-05-11,West,147.81
2023-05-12,West,147.45
2023-05-13,West,154.11
2023-05-14,West,161.36
2023-05-15,West,164.1
2023-05-16,West,157.73
2023-05-17,West,147.64
2023-05-18,West,146.11
2023-05-19,West,149.3
2023-05-20,West,150.89
2023-05-21,West,160.6
2023-05-22,West,163.55
2023-05-23,West,159.23
2023-05-24,West,149.93
2023-05-25,West,148.5
2023-05-26,West,138.91
2023-05-27,West,147.65
2023-05-28,West,163.86
2023-05-29,West,161.85
2023-05-30,West,163.91
2023-05-31,West,156.7
2023-06-01,West,146.65
2023-06-02,West,142.1
2023-06-03,West,160.59
2023-06-04,West,164.17
2023-06-05,West,157.71
2023-06-06,West,152.79
2023-06-07,West,158.73
2023-06-08,West,152.53
2023-06-09,West,135.16
2023-06-10,West,148.82
2023-06-11,West,169.17
2023-06-12,West,165.34
2023-06-13,West,163.58
2023-06-14,West,151.12
2023-06-15,West,149.33
2023-06-16,West,148.06
2023-06-17,West,153.7
2023-06-18,West,169.05
2023-06-19,West,166.73
2023-06-20,West,163.62
2023-06-21,West,152.51
2023-06-22,West,143.92
2023-06-23,West,156.36
2023-06-24,West,157.96
2023-06-25,West,162.27
2023-06-26,West,172.4
2023-06-27,West,154.04
2023-06-28,West,163.19
2023-06-29,West,145.74
2023-06-30,West,142.27
2023-07-01,West,166.0
2023-07-02,West,162.01
2023-07-03,West,167.52
2023-07-04,West,164.52
2023-07-05,West,158.22
2023-07-06,West,148.42
2023-07-07,West,145.66
2023-07-08,West,157.85
2023-07-09,West,162.52
2023-07-10,West,167.83
2023-07-11,West,169.36
2023-07-12,West,156.36
2023-07-13,West,148.25
2023-07-14,West,152.88
2023-07-15,West,161.1
2023-07-16,West,159.52
2023-07-17,West,167.09
2023-07-18,West,174.32
2023-07-19,West,158.94
2023-07-20,West,144.98
2023-07-21,West,146.46
2023-07-22,West,154.15
2023-07-23,West,169.52
2023-07-24,West,175.2
2023-07-25,West,164.71
2023-07-26,West,153.94
2023-07-27,West,145.57
2023-07-28,West,151.41
2023-07-29,West,153.52
2023-07-30,West,155.8
2023-07-31,West,175.64
2023-08-01,West,157.05
2023-08-02,West,151.82
2023-08-03,West,151.36
2023-08-04,West,157.22
2023-08-05,West,159.2
2023-08-06,West,159.8
2023-08-07,West,166.23
2023-08-08,West,158.98
2023-08-09,West,153.54
2023-08-10,West,154.53
2023-08-11,West,137.65
2023-08-12,West,156.14
2023-08-13,West,163.64
2023-08-14,West,161.75
2023-08-15,West,165.59
2023-08-16,West,146.95
2023-08-17,West,142.15
2023-08-18,West,154.88
2023-08-19,West,165.99
2023-08-20,West,165.96
2023-08-21,West,162.23
2023-08-22,West,159.42
2023-08-23,West,159.35
2023-08-24,West,149.52
2023-08-25,West,150.41
2023-08-26,West,160.34
2023-08-27,West,166.44
2023-08-28,West,176.33
2023-08-29,West,159.49
2023-08-30,West,150.28
2023-08-31,West,142.31
2023-09-01,West,148.5
2023-09-02,West,153.6
2023-09-03,West,168.01
2023-09-04,West,169.0
2023-09-05,West,158.13
2023-09-06,West,157.83
2023-09-07,West,157.1
2023-09-08,West,153.28
2023-09-09,West,146.63
2023-09-10,West,177.14
2023-09-11,West,172.92
2023-09-12,West,173.59
2023-09-13,West,160.63
2023-09-14,West,156.26
2023-09-15,West,152.8
2023-09-16,West,158.33
2023-09-17,West,169.36
2023-09-18,West,165.93
2023-09-19,West,166.27
2023-09-20,West,142.33
2023-09-21,West,150.31
2023-09-22,West,158.79
2023-09-23,West,160.4
2023-09-24,West,176.42
2023-09-25,West,168.44
2023-09-26,West,169.4
2023-09-27,West,151.36
2023-09-28,West,155.19
2023-09-29,West,153.52
2023-09-30,West,159.12
2023-10-01,West,155.2
2023-10-02,West,168.77
2023-10-03,West,165.74
2023-10-04,West,160.18
2023-10-05,West,158.48
2023-10-06,West,162.82
2023-10-07,West,166.73
2023-10-08,West,165.55
2023-10-09,West,168.81
2023-10-10,West,168.66
2023-10-11,West,158.93
2023-10-12,West,159.1
2023-10-13,West,165.33
2023-10-14,West,172.13
2023-10-15,West,176.12
2023-10-16,West,173.26
2023-10-17,West,172.0
2023-10-18,West,164.92
2023-10-19,West,150.51
2023-10-20,West,150.56
2023-10-21,West,157.24
2023-10-22,West,164.56
2023-10-23,West,164.0
2023-10-24,West,166.79
2023-10-25,West,151.91
2023-10-26,West,147.62
2023-10-27,West,157.01
2023-10-28,West,162.27
2023-10-29,West,171.37
2023-10-30,West,178.02
2023-10-31,West,170.15
2023-11-01,West,164.79
2023-11-02,West,152.22
2023-11-03,West,161.85
2023-11-04,West,163.45
2023-11-05,West,170.36
2023-11-06,West,178.79
2023-11-07,West,161.76
2023-11-08,West,167.6
2023-11-09,West,150.7
2023-11-10,West,147.99
2023-11-11,West,165.21
2023-11-12,West,167.92
2023-11-13,West,181.9
2023-11-14,West,164.24
2023-11-15,West,159.34
2023-11-16,West,145.27
2023-11-17,West,158.44
2023-11-18,West,158.34
2023-11-19,West,173.56
2023-11-20,West,169.92
2023-11-21,West,156.46
2023-11-22,West,158.71
2023-11-23,West,153.12
2023-11-24,West,159.06
2023-11-25,West,170.3
2023-11-26,West,179.94
2023-11-27,West,176.67
2023-11-28,West,168.37
2023-11-29,West,151.21
2023-11-30,West,153.99
2023-12-01,West,156.02
2023-12-02,West,161.81
2023-12-03,West,173.83
2023-12-04,West,178.25
2023-12-05,West,163.18
2023-12-06,West,154.46
2023-12-07,West,152.57
2023-12-08,West,152.16
2023-12-09,West,154.89
2023-12-10,West,165.97
2023-12-11,West,166.76
2023-12-12,West,173.6
2023-12-13,West,167.43
2023-12-14,West,148.07
2023-12-15,West,158.25
2023-12-16,West,167.75
2023-12-17,West,163.78
2023-12-18,West,174.02
2023-12-19,West,180.51
2023-12-20,West,162.59
2023-12-21,West,152.61
2023-12-22,West,153.01
2023-12-23,West,153.56
2023-12-24,West,173.88
2023-12-25,West,183.24
2023-12-26,West,164.07
2023-12-27,West,149.82
2023-12-28,West,150.81
2023-12-29,West,160.51
2023-12-30,West,161.82
2023-12-31,West,167.72
